"Median_Household_Income","Mean_Household_Income","ZCTA5"
151083,168193,"06390"
86801,158183,"10001"
33726,61946,"10002"
98151,161692,"10003"
119691,177262,"10004"
124194,176424,"10005"
123691,162688,"10006"
250001,441278,"10007"
59090,85207,"10009"
101718,154979,"10010"
109818,196817,"10011"
100859,141430,"10012"
96667,242875,"10013"
113973,179375,"10014"
104826,152944,"10016"
106421,160725,"10017"
105500,144419,"10018"
94022,144753,"10019"
NA,NA,"10020"
115076,218180,"10021"
126378,234492,"10022"
111478,188600,"10023"
113839,202005,"10024"
74065,124739,"10025"
47264,79815,"10026"
40782,70034,"10027"
114939,203678,"10028"
31350,60756,"10029"
33196,53229,"10030"
39774,56924,"10031"
37280,52050,"10032"
44933,64437,"10033"
42581,59635,"10034"
27424,47759,"10035"
75966,115834,"10036"
35491,50691,"10037"
76379,122181,"10038"
33558,52332,"10039"
46200,59397,"10040"
91383,116875,"10044"
112869,205447,"10065"
163750,231265,"10069"
111691,205405,"10075"
NA,NA,"10103"
NA,NA,"10110"
NA,NA,"10111"
NA,NA,"10112"
NA,NA,"10115"
NA,NA,"10119"
100200,172532,"10128"
NA,NA,"10152"
NA,NA,"10153"
NA,NA,"10154"
193510,216132,"10162"
NA,NA,"10165"
NA,NA,"10167"
NA,NA,"10168"
NA,NA,"10169"
NA,NA,"10170"
NA,NA,"10171"
NA,NA,"10172"
NA,NA,"10173"
NA,NA,"10174"
NA,NA,"10177"
NA,NA,"10199"
NA,NA,"10271"
NA,NA,"10278"
NA,NA,"10279"
145432,193651,"10280"
250001,318142,"10282"
54605,75227,"10301"
54170,70739,"10302"
52553,62834,"10303"
54106,82916,"10304"
72782,82951,"10305"
79686,95618,"10306"
76857,96729,"10307"
87174,98769,"10308"
87509,109210,"10309"
68080,84186,"10310"
NA,NA,"10311"
84584,102797,"10312"
77331,93457,"10314"
26048,40836,"10451"
24790,36083,"10452"
23095,33354,"10453"
20210,31533,"10454"
23253,32854,"10455"
23956,35722,"10456"
24750,36604,"10457"
27912,41474,"10458"
23761,35964,"10459"
23209,35624,"10460"
51568,68790,"10461"
45760,57940,"10462"
56482,80384,"10463"
75208,90671,"10464"
73776,85312,"10465"
42478,56348,"10466"
35117,46518,"10467"
34784,44912,"10468"
57207,70069,"10469"
57706,70509,"10470"
80222,105625,"10471"
29308,41909,"10472"
36764,51802,"10473"
26585,36171,"10474"
44923,59288,"10475"
141563,168224,"10501"
157132,195177,"10502"
NA,141105,"10503"
205912,329724,"10504"
143750,162688,"10505"
206207,302564,"10506"
64351,139167,"10507"
94226,117307,"10509"
146723,219180,"10510"
98370,112668,"10511"
90095,113216,"10512"
212528,312693,"10514"
92381,120667,"10516"
89250,111566,"10517"
187898,193774,"10518"
NA,191300,"10519"
101932,138738,"10520"
116671,156335,"10522"
87353,106451,"10523"
119583,159108,"10524"
122250,179595,"10526"
152212,164764,"10527"
105570,163962,"10528"
102317,135409,"10530"
105739,120479,"10532"
139574,238703,"10533"
53636,75193,"10535"
157875,226620,"10536"
77396,99556,"10537"
152500,241101,"10538"
107901,119542,"10541"
83827,146779,"10543"
NA,NA,"10545"
115278,166804,"10546"
94982,106680,"10547"
77059,106955,"10548"
91184,153894,"10549"
40698,55606,"10550"
70991,92459,"10552"
70513,76480,"10553"
126905,189728,"10560"
71773,102513,"10562"
52125,76305,"10566"
119521,142084,"10567"
125814,174055,"10570"
67206,108718,"10573"
172714,276246,"10576"
216250,402826,"10577"
115714,112044,"10578"
105694,125600,"10579"
156595,270400,"10580"
175123,268778,"10583"
73054,90726,"10588"
100240,141478,"10589"
131607,177402,"10590"
78388,120586,"10591"
116950,130302,"10594"
103889,127967,"10595"
54432,68625,"10596"
207895,263442,"10597"
116862,141238,"10598"
69234,112517,"10601"
91884,118545,"10603"
87396,144359,"10604"
107325,146944,"10605"
69579,102720,"10606"
130982,154160,"10607"
42238,62123,"10701"
58244,71365,"10703"
70272,82446,"10704"
45446,67600,"10705"
127632,177937,"10706"
94427,134174,"10707"
98014,160997,"10708"
95625,134250,"10709"
82324,101745,"10710"
56101,80484,"10801"
151607,240089,"10803"
161445,225824,"10804"
57672,76844,"10805"
87444,119279,"10901"
NA,NA,"10910"
NA,NA,"10911"
120929,149031,"10913"
129632,147230,"10914"
NA,NA,"10915"
105104,119872,"10916"
96077,129050,"10917"
91471,105937,"10918"
97703,98073,"10919"
103344,120333,"10920"
86071,96896,"10921"
96875,105215,"10922"
83734,97805,"10923"
90184,111640,"10924"
68125,90828,"10925"
66394,81483,"10926"
56061,80163,"10927"
77969,84974,"10928"
129477,130746,"10930"
78162,85484,"10931"
NA,NA,"10932"
97845,90375,"10933"
57007,71901,"10940"
66141,79025,"10941"
70645,91907,"10950"
55595,79502,"10952"
123600,114150,"10953"
90743,109321,"10954"
119899,148111,"10956"
103203,98481,"10958"
80141,112055,"10960"
94303,111813,"10962"
74821,83284,"10963"
83257,138846,"10964"
94352,113464,"10965"
91581,144102,"10968"
92500,124710,"10969"
82856,99088,"10970"
91250,100620,"10973"
86006,107686,"10974"
NA,125612,"10975"
46750,86696,"10976"
56598,80150,"10977"
68125,59260,"10979"
95214,115301,"10980"
113036,139197,"10983"
120341,121334,"10984"
NA,NA,"10985"
119671,148517,"10986"
97279,123043,"10987"
79375,86298,"10988"
104285,116982,"10989"
88452,118403,"10990"
84830,100547,"10992"
64627,80309,"10993"
130060,144486,"10994"
100385,114831,"10996"
98036,100366,"10998"
99691,119387,"11001"
89831,101669,"11003"
85968,99830,"11004"
58894,91016,"11005"
97741,106238,"11010"
123438,202107,"11020"
90993,137888,"11021"
106699,151730,"11023"
94243,158088,"11024"
161786,252878,"11030"
106654,125241,"11040"
NA,NA,"11042"
104261,169934,"11050"
48449,61307,"11096"
48013,77677,"11101"
51123,71031,"11102"
59243,74020,"11103"
55294,70828,"11104"
61646,79957,"11105"
54109,71621,"11106"
129505,155054,"11109"
101150,152775,"11201"
45936,58403,"11203"
46560,65150,"11204"
47575,73353,"11205"
30779,49425,"11206"
34252,47113,"11207"
35698,48043,"11208"
62761,87004,"11209"
57565,77666,"11210"
54406,84221,"11211"
28207,40177,"11212"
34701,47669,"11213"
49828,66803,"11214"
103716,144180,"11215"
47107,65962,"11216"
87091,126829,"11217"
56120,78208,"11218"
35974,52503,"11219"
38893,54640,"11220"
40635,54815,"11221"
72409,87421,"11222"
43019,64964,"11223"
28006,50455,"11224"
44911,62860,"11225"
43399,58646,"11226"
64250,87560,"11228"
52168,71111,"11229"
41068,66632,"11230"
83310,128453,"11231"
44474,60019,"11232"
33745,50071,"11233"
71115,89848,"11234"
42818,68373,"11235"
58705,72543,"11236"
44950,62004,"11237"
70873,93918,"11238"
26186,34840,"11239"
NA,NA,"11351"
44741,62568,"11354"
39168,54472,"11355"
57194,75112,"11356"
73750,91915,"11357"
65258,83944,"11358"
NA,NA,"11359"
80235,97078,"11360"
79158,93310,"11361"
86758,99502,"11362"
89219,121953,"11363"
72477,88789,"11364"
59520,79166,"11365"
72486,93774,"11366"
56557,73718,"11367"
45004,55919,"11368"
52310,67171,"11369"
53427,75046,"11370"
NA,NA,"11371"
50485,63963,"11372"
47588,62616,"11373"
52132,70852,"11374"
72414,95909,"11375"
50436,64842,"11377"
57127,74249,"11378"
71551,83602,"11379"
55331,69571,"11385"
81149,93447,"11411"
72458,82631,"11412"
81287,92538,"11413"
68374,88917,"11414"
63756,80334,"11415"
58392,72849,"11416"
62057,79020,"11417"
61480,73486,"11418"
58266,73064,"11419"
59660,79434,"11420"
60996,78211,"11421"
84955,92702,"11422"
62179,80672,"11423"
NA,NA,"11424"
NA,NA,"11425"
77146,90998,"11426"
66007,83020,"11427"
67151,75806,"11428"
68684,82902,"11429"
NA,NA,"11430"
50702,70442,"11432"
42964,59055,"11433"
58076,70071,"11434"
52686,66645,"11435"
64005,78107,"11436"
NA,NA,"11451"
89347,104018,"11501"
111875,144899,"11507"
135750,203674,"11509"
93768,107779,"11510"
97692,118835,"11514"
95720,118179,"11516"
92901,119213,"11518"
72628,87628,"11520"
139821,186680,"11530"
68647,102049,"11542"
142219,223506,"11545"
115917,132867,"11547"
100893,134403,"11548"
NA,NA,"11549"
57003,72741,"11550"
97254,117036,"11552"
70201,88451,"11553"
94214,110726,"11554"
NA,NA,"11556"
120617,173871,"11557"
72292,94824,"11558"
115252,202563,"11559"
103594,185719,"11560"
89252,112980,"11561"
85194,108933,"11563"
110110,126793,"11565"
125992,150799,"11566"
172750,335450,"11568"
110398,139466,"11569"
107442,143135,"11570"
95750,113474,"11572"
65890,79235,"11575"
152910,211523,"11576"
116667,162838,"11577"
110696,147726,"11579"
90536,106077,"11580"
100787,120373,"11581"
89083,111891,"11590"
110575,138279,"11596"
129907,175167,"11598"
42023,55708,"11691"
42127,58512,"11692"
53281,64300,"11693"
75094,100077,"11694"
93333,109500,"11697"
73494,83672,"11701"
97294,120947,"11702"
88983,97439,"11703"
81072,94879,"11704"
98321,124413,"11705"
79086,93303,"11706"
101221,123671,"11709"
106204,126629,"11710"
71101,89542,"11713"
88750,109517,"11714"
108009,115783,"11715"
79968,92804,"11716"
70208,82589,"11717"
122692,159211,"11718"
91488,127591,"11719"
91224,105517,"11720"
106786,146749,"11721"
66570,76960,"11722"
200313,250678,"11724"
113613,129815,"11725"
69123,82613,"11726"
75408,89402,"11727"
83122,98880,"11729"
115402,130470,"11730"
99360,118137,"11731"
116125,156496,"11732"
129358,164421,"11733"
91156,104188,"11735"
94522,110357,"11738"
129464,159114,"11739"
89102,118116,"11740"
100133,116012,"11741"
86381,105948,"11742"
113750,164163,"11743"
99414,131392,"11746"
117288,166583,"11747"
87976,101948,"11749"
95191,117386,"11751"
100108,107963,"11752"
145947,200134,"11753"
100101,119594,"11754"
96654,113728,"11755"
100773,109731,"11756"
81330,93603,"11757"
104128,124850,"11758"
112083,123281,"11762"
85450,95896,"11763"
109153,127017,"11764"
137500,315142,"11765"
111397,129221,"11766"
119319,133087,"11767"
117023,150756,"11768"
86000,105568,"11769"
148750,146056,"11770"
118264,202010,"11771"
68077,82362,"11772"
92280,105650,"11776"
112660,145072,"11777"
90658,100827,"11778"
85972,95679,"11779"
107170,145996,"11780"
110869,128903,"11782"
105915,122222,"11783"
89699,93273,"11784"
121875,136323,"11786"
111961,129847,"11787"
105019,117103,"11788"
87955,101588,"11789"
134536,156905,"11790"
151627,209146,"11791"
120997,133224,"11792"
113481,137839,"11793"
NA,NA,"11794"
110815,124830,"11795"
104236,118922,"11796"
157216,233281,"11797"
70343,84621,"11798"
93759,112040,"11801"
126536,146607,"11803"
118900,145005,"11804"
55450,74287,"11901"
86083,129155,"11930"
NA,NA,"11931"
70461,126195,"11932"
59605,85860,"11933"
90080,111827,"11934"
86125,107378,"11935"
84847,136967,"11937"
72500,90271,"11939"
96607,115880,"11940"
102135,106482,"11941"
88784,113924,"11942"
56029,82529,"11944"
75670,94292,"11946"
NA,56414,"11947"
103112,129135,"11948"
105279,112353,"11949"
71088,78660,"11950"
63043,74095,"11951"
74313,103499,"11952"
70829,80561,"11953"
72903,93491,"11954"
61667,81713,"11955"
NA,89750,"11956"
75375,95914,"11957"
65288,152033,"11958"
85125,126459,"11959"
103151,104623,"11960"
56236,76035,"11961"
209125,247372,"11962"
86111,142997,"11963"
79091,132813,"11964"
101771,136538,"11965"
82682,88970,"11967"
82024,136625,"11968"
NA,122136,"11970"
89074,120836,"11971"
104444,126131,"11972"
NA,NA,"11973"
79250,107635,"11975"
115547,186467,"11976"
97045,123793,"11977"
83203,126990,"11978"
90313,103092,"11980"
NA,NA,"12007"
93250,98016,"12008"
89605,99866,"12009"
44711,59105,"12010"
58533,70250,"12015"
62917,80173,"12017"
81205,101640,"12018"
88059,103850,"12019"
73712,83911,"12020"
51719,64406,"12022"
61488,74058,"12023"
NA,NA,"12024"
58923,70108,"12025"
86656,102797,"12027"
81923,100295,"12028"
79000,97324,"12029"
49167,52900,"12031"
47130,63213,"12032"
69733,101151,"12033"
37647,57513,"12035"
36875,41922,"12036"
61188,80172,"12037"
39063,48940,"12040"
68571,72855,"12041"
NA,56232,"12042"
49869,63214,"12043"
41250,44240,"12045"
80129,84054,"12046"
51313,63862,"12047"
58664,81524,"12051"
66012,80915,"12052"
80082,90820,"12053"
96813,117243,"12054"
95714,96471,"12056"
46797,59070,"12057"
65000,72412,"12058"
76250,97467,"12059"
70278,94257,"12060"
85043,102205,"12061"
63258,74517,"12062"
155658,184174,"12063"
60119,49910,"12064"
81192,98347,"12065"
58672,68032,"12066"
66875,87422,"12067"
52473,66287,"12068"
NA,57138,"12069"
61250,72658,"12070"
51563,70327,"12071"
45000,53816,"12072"
68690,78896,"12074"
60544,69141,"12075"
58478,64802,"12076"
95135,109914,"12077"
39810,51191,"12078"
66250,79809,"12083"
68080,85146,"12084"
41985,48384,"12085"
60417,70748,"12086"
69531,64559,"12087"
64375,NA,"12089"
57181,61197,"12090"
41500,56805,"12092"
50900,58557,"12093"
74625,76107,"12094"
48142,63431,"12095"
72417,101870,"12106"
64750,72540,"12108"
73997,91520,"12110"
67083,162483,"12115"
46458,55834,"12116"
54420,59109,"12117"
63750,76454,"12118"
56250,77063,"12120"
67243,73432,"12121"
44738,55999,"12122"
70331,78682,"12123"
108977,109666,"12124"
51741,68078,"12125"
89750,93078,"12130"
58750,60896,"12131"
61150,52694,"12132"
53214,62740,"12134"
89276,123882,"12136"
61563,69064,"12137"
61296,68656,"12138"
50625,69144,"12139"
82564,84635,"12140"
49803,65996,"12143"
63286,77408,"12144"
63000,74037,"12147"
101307,113825,"12148"
51000,59918,"12149"
64286,68392,"12150"
72321,87573,"12151"
87393,102187,"12153"
66579,78182,"12154"
51304,54291,"12155"
78170,89337,"12156"
53929,69531,"12157"
81006,90419,"12158"
87927,133975,"12159"
58333,64751,"12160"
NA,NA,"12161"
58125,70971,"12164"
105833,95192,"12165"
43646,57910,"12166"
46875,60987,"12167"
60417,71752,"12168"
50938,67355,"12169"
66450,78466,"12170"
46806,46930,"12172"
68857,76351,"12173"
57917,71138,"12174"
48456,58949,"12175"
75760,72061,"12176"
70250,79172,"12177"
49283,64548,"12180"
40327,55328,"12182"
55000,60152,"12183"
77500,98434,"12184"
72400,87087,"12185"
86648,100867,"12186"
49464,60619,"12187"
62439,82547,"12188"
49157,62416,"12189"
43000,53808,"12190"
63462,85863,"12192"
76786,87103,"12193"
61250,58779,"12194"
NA,51013,"12195"
92500,103636,"12196"
44250,58061,"12197"
82899,94233,"12198"
25952,38722,"12202"
51842,68303,"12203"
49408,66868,"12204"
64161,72483,"12205"
28239,43805,"12206"
10675,22454,"12207"
56018,71057,"12208"
52788,63914,"12209"
43535,63806,"12210"
90734,122509,"12211"
NA,NA,"12222"
66437,76793,"12302"
62402,82336,"12303"
48427,59610,"12304"
25552,37461,"12305"
59816,69903,"12306"
17772,28693,"12307"
43908,56402,"12308"
92904,112816,"12309"
46071,60220,"12401"
71615,134097,"12404"
44485,50125,"12405"
41111,70540,"12406"
70833,77386,"12407"
65625,99169,"12409"
60469,68660,"12410"
81518,68414,"12411"
50568,86449,"12412"
33468,48154,"12413"
46925,62979,"12414"
25050,28107,"12416"
50549,57654,"12417"
63393,67328,"12418"
55893,55726,"12419"
86466,87346,"12420"
45313,54735,"12421"
67569,84231,"12422"
40750,62718,"12423"
38750,55658,"12424"
89044,82492,"12427"
45565,59789,"12428"
NA,91306,"12429"
50530,56554,"12430"
39907,66446,"12431"
58913,65090,"12432"
134261,138291,"12433"
28083,39537,"12434"
34205,48104,"12435"
NA,71579,"12436"
101250,90891,"12438"
37188,48320,"12439"
51375,68737,"12440"
116500,109757,"12441"
28472,56805,"12442"
76897,97598,"12443"
38229,53131,"12444"
57373,75656,"12446"
61648,119271,"12448"
37951,56719,"12449"
NA,NA,"12450"
60974,68460,"12451"
41538,40350,"12452"
34434,64398,"12453"
73750,64234,"12454"
40439,49727,"12455"
47656,57216,"12456"
NA,65222,"12457"
43393,58712,"12458"
40195,60026,"12459"
52014,62367,"12460"
63445,87361,"12461"
51197,64851,"12463"
47778,64009,"12464"
71875,80618,"12465"
67616,80594,"12466"
41776,53753,"12468"
44643,58101,"12469"
51731,54173,"12470"
46250,46540,"12471"
56250,64513,"12472"
73622,101493,"12473"
41538,53013,"12474"
NA,54160,"12475"
58843,77607,"12477"
41406,62197,"12480"
54467,68360,"12481"
34222,45122,"12482"
35865,48983,"12483"
79327,83435,"12484"
51382,62062,"12485"
74922,90791,"12486"
71736,85527,"12487"
67868,63132,"12489"
NA,NA,"12490"
57917,71684,"12491"
50139,57137,"12492"
85547,79749,"12493"
59844,69368,"12494"
82857,96180,"12495"
50435,69683,"12496"
67229,111598,"12498"
64485,93040,"12501"
72250,81605,"12502"
63472,94641,"12503"
68125,65454,"12504"
66538,112085,"12507"
68965,81959,"12508"
NA,175147,"12512"
67917,71618,"12513"
89306,117905,"12514"
55536,74146,"12515"
52847,67666,"12516"
60469,77647,"12517"
76143,96843,"12518"
89417,116733,"12520"
68958,86387,"12521"
53156,66621,"12522"
64643,76434,"12523"
75789,88860,"12524"
74038,97491,"12525"
64853,85112,"12526"
NA,89946,"12527"
62583,79512,"12528"
62143,97278,"12529"
16821,19548,"12530"
81686,119770,"12531"
101781,117491,"12533"
45263,62884,"12534"
72500,82174,"12538"
102270,117222,"12540"
64874,77056,"12542"
59310,75040,"12543"
67596,94285,"12545"
61389,76122,"12546"
69537,86128,"12547"
56625,62617,"12548"
83352,102677,"12549"
56222,73081,"12550"
70279,88916,"12553"
66911,87150,"12561"
83811,90936,"12563"
81429,104812,"12564"
41875,60569,"12565"
79424,91844,"12566"
64405,93673,"12567"
73324,90542,"12569"
100161,122257,"12570"
69217,93966,"12571"
69901,108746,"12572"
85750,92708,"12574"
120833,125675,"12575"
77750,103719,"12577"
79798,99928,"12578"
72589,99685,"12580"
74688,113376,"12581"
94600,106865,"12582"
58938,85145,"12583"
115357,127880,"12585"
68810,83164,"12586"
81609,92062,"12589"
80188,93514,"12590"
60543,73013,"12592"
66445,78313,"12594"
40508,59383,"12601"
75569,91495,"12603"
NA,NA,"12604"
32403,49859,"12701"
51607,82949,"12719"
78690,82941,"12720"
58849,71218,"12721"
NA,62751,"12722"
54375,62182,"12723"
60848,59315,"12724"
43750,69646,"12725"
59583,69811,"12726"
51542,81062,"12729"
40568,63134,"12732"
44286,46080,"12733"
62632,67893,"12734"
35938,47197,"12736"
65500,72323,"12737"
75600,125103,"12738"
59198,71257,"12740"
30000,47182,"12741"
40781,62741,"12742"
51354,68390,"12743"
64375,81961,"12745"
83221,89112,"12746"
62576,69534,"12747"
59107,83882,"12748"
46313,63049,"12749"
74792,102427,"12750"
49531,53435,"12751"
50781,60429,"12752"
39598,58911,"12754"
53147,71819,"12758"
25700,36156,"12759"
50962,63769,"12760"
39762,56093,"12762"
58144,62367,"12763"
51053,73075,"12764"
68177,83069,"12765"
70227,81873,"12766"
111875,115756,"12767"
41983,65381,"12768"
NA,61854,"12769"
49688,63382,"12770"
46446,64175,"12771"
89167,99945,"12775"
57422,71257,"12776"
73750,111116,"12777"
NA,85548,"12778"
37992,46927,"12779"
36490,45075,"12780"
58036,51038,"12781"
59394,69608,"12783"
NA,NA,"12784"
48147,67128,"12785"
44201,39475,"12786"
58365,81195,"12787"
40139,51559,"12788"
50114,64408,"12789"
48951,59990,"12790"
58380,71834,"12791"
36563,46018,"12792"
45395,57826,"12801"
59438,67357,"12803"
63120,81847,"12804"
76458,88035,"12808"
58125,66003,"12809"
57500,60551,"12810"
NA,NA,"12811"
49583,55758,"12812"
58176,76956,"12814"
60458,72851,"12815"
50417,58805,"12816"
59861,65909,"12817"
43839,51523,"12819"
34000,43622,"12821"
52578,63590,"12822"
82639,63198,"12823"
61650,90349,"12824"
62917,67990,"12827"
51250,69048,"12828"
78505,88922,"12831"
43918,53400,"12832"
65898,78690,"12833"
56104,74462,"12834"
51148,56791,"12835"
61739,70516,"12836"
45446,65674,"12837"
56250,66582,"12838"
44350,56318,"12839"
27500,81187,"12841"
37321,48430,"12842"
38393,53096,"12843"
60000,72499,"12844"
66710,88725,"12845"
53112,62732,"12846"
62917,80638,"12847"
70263,79731,"12849"
74622,91358,"12850"
48036,54806,"12851"
46094,54603,"12852"
38906,44552,"12853"
44583,50220,"12855"
NA,73923,"12856"
49397,63702,"12857"
NA,38579,"12858"
55776,68518,"12859"
38043,50755,"12860"
63125,84011,"12861"
NA,NA,"12862"
69125,81800,"12863"
NA,NA,"12864"
57000,59329,"12865"
70515,92897,"12866"
55938,67369,"12870"
64653,85768,"12871"
28750,22880,"12872"
48750,61433,"12873"
69583,91449,"12874"
50500,55376,"12878"
52936,66062,"12883"
46250,53794,"12884"
53232,64032,"12885"
NA,74375,"12886"
47440,54227,"12887"
43642,57867,"12901"
50583,59685,"12903"
56447,66437,"12910"
NA,NA,"12911"
50714,66314,"12912"
55761,69534,"12913"
50208,61352,"12914"
55865,76317,"12916"
55417,61848,"12917"
58906,68877,"12918"
42226,52079,"12919"
50150,57741,"12920"
63750,79943,"12921"
53125,48900,"12922"
40375,56059,"12923"
39479,45514,"12924"
50500,61705,"12926"
43750,55916,"12927"
44669,54040,"12928"
45795,52379,"12929"
45357,59104,"12930"
46875,58373,"12932"
NA,NA,"12933"
38393,52931,"12934"
48514,76529,"12935"
60147,75785,"12936"
40719,53156,"12937"
54688,59490,"12939"
61250,69450,"12941"
47050,68793,"12942"
51591,51998,"12943"
47197,60776,"12944"
71250,88973,"12945"
55917,70618,"12946"
46667,55407,"12950"
42813,48969,"12952"
48684,60052,"12953"
64018,67577,"12955"
65125,73122,"12956"
34783,47775,"12957"
40456,48851,"12958"
44286,62228,"12959"
75781,72991,"12960"
NA,52857,"12961"
68852,81459,"12962"
NA,127806,"12964"
38542,44804,"12965"
42200,48479,"12966"
44145,47763,"12967"
40250,53083,"12969"
45000,56695,"12970"
66141,85191,"12972"
60000,63957,"12973"
40500,54887,"12974"
70509,78114,"12975"
61250,75605,"12976"
NA,NA,"12977"
NA,52141,"12978"
64417,74150,"12979"
40774,51895,"12980"
54886,64623,"12981"
50833,64184,"12983"
39722,56994,"12985"
50958,61552,"12986"
33942,47394,"12987"
62656,67411,"12989"
50403,59648,"12992"
43704,61842,"12993"
44643,51995,"12996"
65850,71741,"12997"
27684,28165,"12998"
45750,51549,"13020"
47486,61475,"13021"
NA,NA,"13024"
65750,73450,"13026"
69368,81478,"13027"
40000,72031,"13028"
68729,80485,"13029"
60871,69627,"13030"
70259,84624,"13031"
51581,62059,"13032"
60326,70284,"13033"
57000,76330,"13034"
70168,97811,"13035"
51722,63214,"13036"
64508,75657,"13037"
79474,90093,"13039"
46369,55406,"13040"
78929,90227,"13041"
55625,58013,"13042"
61027,72365,"13044"
46204,60364,"13045"
NA,18377,"13051"
53958,64050,"13052"
62917,84266,"13053"
51897,56451,"13054"
55848,65291,"13057"
57083,67906,"13060"
59861,68738,"13061"
NA,55388,"13062"
78352,90278,"13063"
NA,117655,"13064"
77004,106438,"13066"
65813,73749,"13068"
43858,58849,"13069"
63750,63711,"13071"
50938,54089,"13072"
54133,68689,"13073"
50992,56903,"13074"
51694,67484,"13076"
57366,69749,"13077"
83558,124175,"13078"
58889,70998,"13080"
58173,85633,"13081"
58077,71181,"13082"
49952,60907,"13083"
66513,77188,"13084"
133750,103448,"13087"
53091,64154,"13088"
68411,78805,"13090"
63125,66025,"13092"
60344,66297,"13101"
NA,NA,"13102"
NA,38601,"13103"
99631,130577,"13104"
75278,91897,"13108"
70769,82592,"13110"
52019,57992,"13111"
55000,70372,"13112"
61875,65063,"13113"
52188,63382,"13114"
40833,46316,"13115"
59209,74012,"13116"
54750,58992,"13117"
56375,64869,"13118"
55795,65108,"13120"
61518,75934,"13122"
66875,78355,"13123"
46094,59467,"13124"
47467,61739,"13126"
51847,63530,"13131"
57688,66555,"13132"
44583,52443,"13134"
49576,63782,"13135"
42212,48911,"13136"
NA,NA,"13138"
49681,56066,"13140"
44853,60765,"13141"
45542,56522,"13142"
46944,51836,"13143"
43404,55578,"13144"
44313,54625,"13145"
44954,51789,"13146"
66875,88228,"13147"
49393,61948,"13148"
86380,126061,"13152"
47250,71412,"13153"
45179,54344,"13155"
55773,59563,"13156"
39750,46199,"13157"
45500,60934,"13158"
72745,85417,"13159"
64630,70403,"13160"
81571,143545,"13162"
49444,55478,"13163"
72750,81199,"13164"
48344,59762,"13165"
56628,64928,"13166"
51250,62460,"13167"
15565,42901,"13202"
30731,47050,"13203"
28220,41285,"13204"
30284,42796,"13205"
38264,48898,"13206"
44741,57776,"13207"
32526,44937,"13208"
52218,61156,"13209"
25229,45418,"13210"
44579,50610,"13211"
51997,63631,"13212"
68424,81607,"13214"
82421,102963,"13215"
59590,72572,"13219"
51591,73291,"13224"
NA,NA,"13290"
74107,81067,"13301"
48594,55099,"13302"
64107,76040,"13303"
80469,92240,"13304"
90000,98075,"13305"
40585,49304,"13308"
53829,64048,"13309"
48188,51528,"13310"
40882,64302,"13312"
38438,44661,"13313"
43542,61068,"13314"
49861,56729,"13315"
44719,53665,"13316"
50900,64995,"13317"
58864,67448,"13318"
40833,44066,"13319"
55781,62646,"13320"
50168,48123,"13321"
45368,52064,"13322"
63169,84946,"13323"
37267,49158,"13324"
50391,75688,"13325"
60268,85611,"13326"
43676,54156,"13327"
55313,69322,"13328"
43295,51172,"13329"
74063,95303,"13331"
44114,54521,"13332"
60125,43519,"13333"
53750,76065,"13334"
57292,66816,"13335"
51932,94309,"13337"
47721,55592,"13338"
42936,53981,"13339"
45429,57642,"13340"
107938,87925,"13341"
56667,72737,"13342"
51576,71944,"13343"
NA,66234,"13345"
70227,84585,"13346"
42604,63737,"13348"
43988,50957,"13350"
NA,30398,"13352"
34375,33882,"13353"
69788,80648,"13354"
42672,48567,"13355"
42627,52205,"13357"
41406,64812,"13360"
51500,59619,"13361"
NA,74048,"13362"
58947,69241,"13363"
40625,50249,"13364"
43922,55705,"13365"
54543,64966,"13367"
45772,55814,"13368"
47500,52008,"13402"
81071,105359,"13403"
32500,37975,"13404"
54196,73614,"13406"
48417,61631,"13407"
49167,56559,"13408"
53631,63301,"13409"
53000,57252,"13410"
40688,51188,"13411"
68184,96609,"13413"
41250,50663,"13415"
56307,65190,"13416"
31289,41887,"13417"
53750,71631,"13418"
59750,80416,"13420"
46810,57947,"13421"
56489,61531,"13424"
49118,69530,"13425"
46297,58518,"13428"
60543,68786,"13431"
44103,47178,"13433"
46250,60582,"13435"
53750,62812,"13436"
47917,51814,"13437"
51471,65107,"13438"
47000,55721,"13439"
48906,62860,"13440"
NA,NA,"13441"
50179,45103,"13450"
40331,50414,"13452"
36125,39984,"13454"
63922,84481,"13456"
47348,59304,"13459"
44875,54871,"13460"
55943,71142,"13461"
44500,54694,"13464"
46000,66780,"13468"
70000,78786,"13469"
41339,53049,"13470"
50402,55837,"13471"
72167,76952,"13472"
56500,60405,"13473"
NA,58930,"13475"
51563,66129,"13476"
46375,57520,"13477"
59516,62645,"13478"
46146,56813,"13480"
42188,60900,"13483"
92796,78033,"13484"
40078,50577,"13485"
55583,62969,"13486"
62813,60616,"13488"
50750,63019,"13489"
67500,79621,"13490"
56181,62106,"13491"
61058,79543,"13492"
51532,56087,"13493"
45250,60394,"13494"
52500,56669,"13495"
31945,48421,"13501"
35340,49922,"13502"
45971,57231,"13601"
51364,49767,"13602"
41929,51826,"13603"
49142,59722,"13605"
54522,61490,"13606"
43615,56219,"13607"
50882,56655,"13608"
60567,65121,"13612"
42875,50067,"13613"
35625,56245,"13614"
54830,63829,"13615"
45179,47335,"13616"
50213,65714,"13617"
51157,63444,"13618"
53144,60306,"13619"
43889,57985,"13620"
37188,44285,"13621"
55123,65587,"13622"
78750,70972,"13623"
59559,70843,"13624"
49833,58749,"13625"
51471,60160,"13626"
45000,54378,"13628"
55750,63893,"13630"
67625,62775,"13633"
53995,65216,"13634"
34345,41696,"13635"
57000,59437,"13636"
51956,55941,"13637"
38750,35292,"13638"
48750,52849,"13639"
50536,86794,"13640"
NA,54620,"13641"
39383,53350,"13642"
NA,NA,"13643"
41696,51737,"13646"
99423,91820,"13647"
47031,55187,"13648"
56324,94285,"13650"
79545,128992,"13651"
44167,51836,"13652"
43490,52721,"13654"
31881,45781,"13655"
52949,61307,"13656"
56227,74660,"13658"
48646,58776,"13659"
41979,59350,"13660"
59063,68254,"13661"
41889,51413,"13662"
60313,66012,"13664"
60106,60813,"13665"
24844,52430,"13666"
39698,49150,"13667"
46356,57603,"13668"
42129,64197,"13669"
40313,52234,"13670"
48417,57020,"13672"
48589,56819,"13673"
NA,NA,"13674"
NA,NA,"13675"
50271,64757,"13676"
NA,NA,"13677"
NA,42242,"13678"
47988,59735,"13679"
33681,77456,"13680"
46125,57390,"13681"
65625,76401,"13682"
46250,61379,"13684"
56875,69430,"13685"
43693,52766,"13687"
40500,49541,"13690"
56793,80064,"13691"
59803,64004,"13692"
46875,65533,"13693"
70134,72356,"13694"
95156,77142,"13695"
NA,NA,"13696"
37212,71396,"13697"
45600,51800,"13730"
46842,64615,"13731"
77775,86658,"13732"
49859,63368,"13733"
58333,70080,"13734"
60500,63052,"13736"
50469,64456,"13739"
50938,75588,"13740"
52622,67617,"13743"
55395,62937,"13744"
51793,65672,"13746"
46570,59925,"13748"
37750,44082,"13750"
37917,44790,"13751"
43167,87411,"13752"
49693,68677,"13753"
44282,54599,"13754"
33393,44615,"13755"
46198,56411,"13756"
52056,67999,"13757"
52598,67698,"13760"
71071,59394,"13774"
47750,55400,"13775"
50625,64286,"13776"
53125,53948,"13777"
55410,64799,"13778"
47163,58809,"13780"
47292,56575,"13782"
39342,52855,"13783"
38125,33168,"13784"
51797,59739,"13786"
39634,53130,"13787"
51382,54829,"13788"
39803,53094,"13790"
84375,75942,"13794"
50299,76201,"13795"
51875,58625,"13796"
48533,59189,"13797"
36691,50312,"13801"
56071,79609,"13802"
55195,69174,"13803"
54432,61633,"13804"
62955,67485,"13806"
56136,75114,"13807"
48068,59973,"13808"
50069,59199,"13809"
34688,47557,"13810"
52500,79796,"13811"
48359,58372,"13812"
42768,51421,"13813"
44647,55982,"13815"
44614,59696,"13820"
50515,59359,"13825"
NA,NA,"13826"
59730,72107,"13827"
46742,56688,"13830"
33415,42803,"13832"
47399,59941,"13833"
NA,NA,"13834"
44750,60670,"13835"
34753,48069,"13838"
44000,45510,"13839"
43250,50725,"13841"
77778,73491,"13842"
44178,56051,"13843"
41750,51325,"13844"
NA,NA,"13845"
45625,54195,"13846"
NA,NA,"13847"
42226,57969,"13849"
61546,79395,"13850"
38086,48491,"13856"
63021,50718,"13859"
NA,NA,"13860"
NA,92300,"13861"
59963,67891,"13862"
56094,63254,"13863"
39057,55324,"13864"
60399,69355,"13865"
41921,55104,"13901"
NA,NA,"13902"
41556,61954,"13903"
41738,53999,"13904"
35046,49797,"13905"
54698,67580,"14001"
66089,74198,"14004"
59318,66768,"14005"
53642,66085,"14006"
55625,65206,"14008"
44464,54836,"14009"
60307,66277,"14011"
52045,64499,"14012"
48833,52170,"14013"
44864,56687,"14020"
59338,63668,"14024"
62073,76893,"14025"
79563,111963,"14026"
60625,70780,"14028"
56932,65821,"14030"
69530,104223,"14031"
99194,121807,"14032"
86708,95698,"14033"
55000,66285,"14034"
NA,177033,"14035"
55744,66113,"14036"
68056,64016,"14037"
48750,65533,"14039"
63214,69759,"14040"
47000,53573,"14041"
35156,45071,"14042"
51318,60286,"14043"
58148,61092,"14047"
40804,50051,"14048"
107500,129466,"14051"
75750,91791,"14052"
55375,61058,"14054"
63242,74566,"14055"
63497,72332,"14057"
67155,74068,"14058"
78322,89154,"14059"
NA,44972,"14060"
59545,59713,"14061"
50469,57561,"14062"
49596,64715,"14063"
42143,49079,"14065"
50455,57689,"14066"
48246,60800,"14067"
59262,87336,"14068"
41042,58429,"14069"
42575,54899,"14070"
78597,88725,"14072"
62963,76959,"14075"
61920,73090,"14080"
57019,63557,"14081"
44063,53608,"14082"
85536,96618,"14085"
77999,87974,"14086"
61304,68589,"14091"
67500,84511,"14092"
51787,64782,"14094"
54148,63365,"14098"
53125,62313,"14101"
95083,89402,"14102"
45235,52518,"14103"
62985,70847,"14105"
50352,67298,"14108"
NA,NA,"14109"
54940,66514,"14111"
NA,NA,"14112"
41359,59602,"14113"
56089,71312,"14120"
54022,64367,"14125"
55893,55846,"14126"
84798,111114,"14127"
43603,54794,"14129"
47679,50746,"14130"
68869,76622,"14131"
60595,71603,"14132"
83594,84919,"14134"
43250,40045,"14135"
43882,53401,"14136"
47803,54709,"14138"
71250,75961,"14139"
51194,63326,"14141"
54758,61879,"14143"
56333,64389,"14145"
51302,60837,"14150"
59306,65507,"14167"
NA,56200,"14168"
32407,43847,"14169"
68333,73778,"14170"
44495,57010,"14171"
56591,79410,"14172"
34598,40686,"14173"
66597,85245,"14174"
25551,38152,"14201"
42336,98254,"14202"
31892,44626,"14203"
26269,38074,"14204"
35662,44363,"14206"
24593,36337,"14207"
24036,34232,"14208"
31688,57757,"14209"
33821,44674,"14210"
23881,33560,"14211"
23438,32239,"14212"
28365,39579,"14213"
39433,57953,"14214"
31527,42370,"14215"
50781,64726,"14216"
50434,63195,"14217"
36628,47024,"14218"
48702,55834,"14219"
47088,57526,"14220"
77511,102765,"14221"
52066,72955,"14222"
59326,66694,"14223"
59875,68355,"14224"
47693,55121,"14225"
61930,80399,"14226"
48941,57777,"14227"
48343,70210,"14228"
NA,NA,"14261"
21413,31354,"14301"
NA,NA,"14302"
29916,39365,"14303"
50072,59745,"14304"
32211,46243,"14305"
41820,53051,"14411"
57273,68850,"14414"
37708,56661,"14415"
49583,59800,"14416"
59236,80698,"14418"
52232,63449,"14420"
63250,73827,"14422"
53116,63613,"14423"
53490,72268,"14424"
63354,72743,"14425"
51850,61276,"14427"
59292,75024,"14428"
52565,64699,"14432"
51250,57146,"14433"
60822,72680,"14435"
44244,59731,"14437"
50625,62016,"14441"
48094,56800,"14445"
76655,94647,"14450"
42323,62632,"14454"
45279,60364,"14456"
52019,64672,"14462"
57736,63122,"14464"
55987,68305,"14466"
74970,86789,"14467"
65810,77063,"14468"
60278,71887,"14469"
46856,63006,"14470"
62791,67995,"14471"
85049,121670,"14472"
84167,81815,"14475"
52386,61922,"14476"
54290,69902,"14477"
91250,86671,"14478"
NA,52266,"14479"
38015,48257,"14480"
52212,56261,"14481"
52929,64116,"14482"
48333,60683,"14485"
59615,73069,"14486"
65652,75660,"14487"
46060,52720,"14489"
67330,81898,"14502"
53144,55264,"14504"
58566,67259,"14505"
102989,109055,"14506"
58580,61914,"14507"
46063,48914,"14510"
45769,59511,"14511"
52534,65274,"14512"
37594,49935,"14513"
63155,75240,"14514"
56316,77146,"14516"
40685,50904,"14517"
59159,70721,"14519"
45945,60888,"14521"
46774,59075,"14522"
65625,67947,"14525"
81596,101876,"14526"
46943,62593,"14527"
NA,81523,"14529"
50513,61221,"14530"
53177,67574,"14532"
60156,68660,"14533"
104398,142330,"14534"
42438,48690,"14536"
67344,93966,"14537"
70156,77990,"14539"
56745,68443,"14541"
NA,53860,"14542"
81689,100030,"14543"
56580,69036,"14544"
56667,53319,"14545"
56974,68678,"14546"
55170,64409,"14548"
31944,48193,"14549"
54375,85986,"14550"
47561,54395,"14551"
49750,66719,"14555"
74260,85677,"14559"
54875,67252,"14560"
64535,81197,"14561"
86336,120647,"14564"
74938,83119,"14568"
46250,54970,"14569"
46900,61655,"14571"
41784,52371,"14572"
71899,85994,"14580"
42188,48980,"14585"
77188,76435,"14586"
83583,75296,"14588"
50167,71200,"14589"
44850,56442,"14590"
58170,67429,"14591"
83702,93133,"14592"
14270,25298,"14604"
18318,28895,"14605"
37542,49190,"14606"
41954,57494,"14607"
20047,31184,"14608"
41074,51548,"14609"
59046,86049,"14610"
24924,33511,"14611"
61349,73209,"14612"
28026,39373,"14613"
NA,29385,"14614"
36250,45973,"14615"
46143,57627,"14616"
60870,75160,"14617"
89688,121857,"14618"
36176,53138,"14619"
40483,52370,"14620"
24906,33967,"14621"
49257,61465,"14622"
47613,59042,"14623"
60443,70326,"14624"
72500,99226,"14625"
53212,68382,"14626"
NA,NA,"14627"
36552,48427,"14701"
50938,63065,"14706"
57500,61225,"14707"
57031,61392,"14708"
44107,53841,"14709"
52946,63763,"14710"
42361,45129,"14711"
48750,70069,"14712"
42500,50953,"14714"
39444,50259,"14715"
34597,47160,"14716"
40921,49591,"14717"
56689,60306,"14718"
45893,57183,"14719"
39875,42088,"14720"
NA,35664,"14721"
95917,94902,"14722"
48281,56281,"14723"
48036,67095,"14724"
34833,42416,"14726"
48859,65500,"14727"
47750,67951,"14728"
55469,67589,"14729"
61389,80124,"14731"
54167,52487,"14732"
41377,47391,"14733"
38059,46732,"14735"
42589,52952,"14736"
42835,50669,"14737"
47911,56601,"14738"
36541,44641,"14739"
51307,65704,"14740"
53333,62029,"14741"
78988,71280,"14742"
42222,49113,"14743"
50000,59686,"14744"
41702,54097,"14747"
35417,45143,"14748"
50881,72834,"14750"
NA,44236,"14752"
33500,44738,"14753"
43375,46838,"14754"
44063,52265,"14755"
NA,38516,"14756"
46504,71702,"14757"
39821,57117,"14760"
37174,49727,"14767"
37115,50015,"14769"
51319,63902,"14770"
39697,51238,"14772"
41875,53909,"14774"
41648,53201,"14775"
43177,52026,"14777"
NA,NA,"14778"
32126,40724,"14779"
42317,54441,"14781"
46433,53591,"14782"
31111,41764,"14783"
34844,44292,"14784"
45728,51693,"14787"
62188,56123,"14788"
43185,54831,"14801"
25156,46422,"14802"
47188,59757,"14803"
54333,67225,"14804"
55655,63718,"14805"
50662,58138,"14806"
51146,55937,"14807"
44120,55474,"14808"
42217,54471,"14809"
40793,49798,"14810"
58889,63405,"14812"
42059,52566,"14813"
62338,73421,"14814"
45000,69738,"14815"
49083,65299,"14816"
49931,66872,"14817"
53281,61709,"14818"
36375,52443,"14819"
42045,48408,"14820"
51210,62909,"14821"
36250,43261,"14822"
49360,54869,"14823"
43750,60853,"14824"
55804,63528,"14825"
40170,56160,"14826"
NA,40100,"14827"
53294,74722,"14830"
65625,67867,"14836"
45990,65789,"14837"
55057,60527,"14838"
52031,59144,"14839"
54500,73768,"14840"
78250,82370,"14841"
53278,65365,"14842"
40511,50426,"14843"
63377,79421,"14845"
46389,54499,"14846"
46406,60150,"14847"
48088,73311,"14850"
NA,NA,"14853"
NA,NA,"14854"
45329,57211,"14855"
NA,30780,"14856"
51023,62064,"14858"
50781,59430,"14859"
53500,61829,"14860"
49688,62472,"14861"
64468,67105,"14864"
37821,48436,"14865"
44306,57075,"14867"
49231,59411,"14869"
62813,81158,"14870"
62212,69404,"14871"
51958,63636,"14872"
46987,54940,"14873"
34028,45347,"14874"
51094,62732,"14877"
69318,85291,"14878"
47214,57372,"14879"
49922,56107,"14880"
NA,74216,"14881"
69097,105046,"14882"
51447,63245,"14883"
47500,58506,"14884"
47375,53940,"14885"
66450,77819,"14886"
49853,61359,"14889"
44104,55671,"14891"
50253,62662,"14892"
NA,NA,"14893"
39750,49612,"14894"
41102,53102,"14895"
45789,49306,"14897"
37941,47393,"14898"
26766,40473,"14901"
49267,68397,"14903"
38020,47555,"14904"
64178,95435,"14905"
